{
  "pack_id": "geo_africa_part2_free",
  "title": "Geographic Data — Africa (East & Central) (Free Tier)",
  "description": "Basic geographic and demographic data for 19 sovereign nations in East Africa and Central Africa.",
  "created_by": "Northoverse",
  "version": "1.0-free",
  "countries_count": 19,
  "countries": [
    {
      "id": 21,
      "name": "Ethiopia",
      "iso_code": "ETH",
      "capital": "Addis Ababa",
      "region": "East Africa",
      "population": 117876226,
      "area_km2": 1104300,
      "currency": "ETB",
      "languages": ["Amharic"],
      "calling_code": "+251",
      "tld": ".et"
    },
    {
      "id": 22,
      "name": "Kenya",
      "iso_code": "KEN",
      "capital": "Nairobi",
      "region": "East Africa",
      "population": 53771300,
      "area_km2": 580367,
      "currency": "KES",
      "languages": ["English", "Swahili"],
      "calling_code": "+254",
      "tld": ".ke"
    },
    {
      "id": 23,
      "name": "Tanzania",
      "iso_code": "TZA",
      "capital": "Dodoma",
      "region": "East Africa",
      "population": 59734213,
      "area_km2": 945087,
      "currency": "TZS",
      "languages": ["English", "Swahili"],
      "calling_code": "+255",
      "tld": ".tz"
    },
    {
      "id": 24,
      "name": "Uganda",
      "iso_code": "UGA",
      "capital": "Kampala",
      "region": "East Africa",
      "population": 45741000,
      "area_km2": 241550,
      "currency": "UGX",
      "languages": ["English", "Swahili"],
      "calling_code": "+256",
      "tld": ".ug"
    },
    {
      "id": 25,
      "name": "Rwanda",
      "iso_code": "RWA",
      "capital": "Kigali",
      "region": "East Africa",
      "population": 12952209,
      "area_km2": 26338,
      "currency": "RWF",
      "languages": ["Kinyarwanda", "English", "French"],
      "calling_code": "+250",
      "tld": ".rw"
    },
    {
      "id": 26,
      "name": "DR Congo",
      "iso_code": "COD",
      "capital": "Kinshasa",
      "region": "Central Africa",
      "population": 89561404,
      "area_km2": 2344858,
      "currency": "CDF",
      "languages": ["French"],
      "calling_code": "+243",
      "tld": ".cd"
    },
    {
      "id": 27,
      "name": "Cameroon",
      "iso_code": "CMR",
      "capital": "Yaoundé",
      "region": "Central Africa",
      "population": 26545864,
      "area_km2": 475442,
      "currency": "XAF",
      "languages": ["English", "French"],
      "calling_code": "+237",
      "tld": ".cm"
    },
    {
      "id": 28,
      "name": "Somalia",
      "iso_code": "SOM",
      "capital": "Mogadishu",
      "region": "East Africa",
      "population": 15893219,
      "area_km2": 637657,
      "currency": "SOS",
      "languages": ["Somali", "Arabic"],
      "calling_code": "+252",
      "tld": ".so"
    },
    {
      "id": 29,
      "name": "Gabon",
      "iso_code": "GAB",
      "capital": "Libreville",
      "region": "Central Africa",
      "population": 2225728,
      "area_km2": 267668,
      "currency": "XAF",
      "languages": ["French"],
      "calling_code": "+241",
      "tld": ".ga"
    },
    {
      "id": 30,
      "name": "Chad",
      "iso_code": "TCD",
      "capital": "N'Djamena",
      "region": "Central Africa",
      "population": 16425859,
      "area_km2": 1284000,
      "currency": "XAF",
      "languages": ["French", "Arabic"],
      "calling_code": "+235",
      "tld": ".td"
    },
    {
      "id": 31,
      "name": "South Sudan",
      "iso_code": "SSD",
      "capital": "Juba",
      "region": "East Africa",
      "population": 11193729,
      "area_km2": 619745,
      "currency": "SSP",
      "languages": ["English"],
      "calling_code": "+211",
      "tld": ".ss"
    },
    {
      "id": 32,
      "name": "Central African Republic",
      "iso_code": "CAF",
      "capital": "Bangui",
      "region": "Central Africa",
      "population": 4829764,
      "area_km2": 622984,
      "currency": "XAF",
      "languages": ["French", "Sango"],
      "calling_code": "+236",
      "tld": ".cf"
    },
    {
      "id": 33,
      "name": "Republic of the Congo",
      "iso_code": "COG",
      "capital": "Brazzaville",
      "region": "Central Africa",
      "population": 5518092,
      "area_km2": 342000,
      "currency": "XAF",
      "languages": ["French"],
      "calling_code": "+242",
      "tld": ".cg"
    },
    {
      "id": 34,
      "name": "Burundi",
      "iso_code": "BDI",
      "capital": "Gitega",
      "region": "East Africa",
      "population": 11890781,
      "area_km2": 27834,
      "currency": "BIF",
      "languages": ["Kirundi", "French"],
      "calling_code": "+257",
      "tld": ".bi"
    },
    {
      "id": 35,
      "name": "Eritrea",
      "iso_code": "ERI",
      "capital": "Asmara",
      "region": "East Africa",
      "population": 3546000,
      "area_km2": 117600,
      "currency": "ERN",
      "languages": ["Tigrinya", "Arabic", "English"],
      "calling_code": "+291",
      "tld": ".er"
    },
    {
      "id": 36,
      "name": "Djibouti",
      "iso_code": "DJI",
      "capital": "Djibouti",
      "region": "East Africa",
      "population": 988002,
      "area_km2": 23200,
      "currency": "DJF",
      "languages": ["French", "Arabic"],
      "calling_code": "+253",
      "tld": ".dj"
    },
    {
      "id": 37,
      "name": "Equatorial Guinea",
      "iso_code": "GNQ",
      "capital": "Malabo",
      "region": "Central Africa",
      "population": 1402985,
      "area_km2": 28051,
      "currency": "XAF",
      "languages": ["Spanish", "French", "Portuguese"],
      "calling_code": "+240",
      "tld": ".gq"
    },
    {
      "id": 38,
      "name": "São Tomé and Príncipe",
      "iso_code": "STP",
      "capital": "São Tomé",
      "region": "Central Africa",
      "population": 219161,
      "area_km2": 964,
      "currency": "STN",
      "languages": ["Portuguese"],
      "calling_code": "+239",
      "tld": ".st"
    },
    {
      "id": 39,
      "name": "Seychelles",
      "iso_code": "SYC",
      "capital": "Victoria",
      "region": "East Africa",
      "population": 98462,
      "area_km2": 452,
      "currency": "SCR",
      "languages": ["Seychellois Creole", "English", "French"],
      "calling_code": "+248",
      "tld": ".sc"
    }
  ]
}
