{
  "pack_id": "geo_europe_part1_free",
  "title": "Geographic Data — Europe (Western & Northern) (Free Tier)",
  "description": "Basic geographic and demographic data for 15 major sovereign nations in Western and Northern Europe.",
  "created_by": "Northoverse",
  "version": "1.0-free",
  "countries_count": 15,
  "countries": [
    {
      "id": 1,
      "name": "Germany",
      "iso_code": "DEU",
      "capital": "Berlin",
      "region": "Western Europe",
      "population": 83240525,
      "area_km2": 357022,
      "currency": "EUR",
      "languages": ["German"],
      "calling_code": "+49",
      "tld": ".de"
    },
    {
      "id": 2,
      "name": "United Kingdom",
      "iso_code": "GBR",
      "capital": "London",
      "region": "Northern Europe",
      "population": 67326569,
      "area_km2": 242495,
      "currency": "GBP",
      "languages": ["English"],
      "calling_code": "+44",
      "tld": ".uk"
    },
    {
      "id": 3,
      "name": "France",
      "iso_code": "FRA",
      "capital": "Paris",
      "region": "Western Europe",
      "population": 67391582,
      "area_km2": 551695,
      "currency": "EUR",
      "languages": ["French"],
      "calling_code": "+33",
      "tld": ".fr"
    },
    {
      "id": 4,
      "name": "Italy",
      "iso_code": "ITA",
      "capital": "Rome",
      "region": "Southern Europe",
      "population": 59554023,
      "area_km2": 301336,
      "currency": "EUR",
      "languages": ["Italian"],
      "calling_code": "+39",
      "tld": ".it"
    },
    {
      "id": 5,
      "name": "Spain",
      "iso_code": "ESP",
      "capital": "Madrid",
      "region": "Southern Europe",
      "population": 47351567,
      "area_km2": 505992,
      "currency": "EUR",
      "languages": ["Spanish"],
      "calling_code": "+34",
      "tld": ".es"
    },
    {
      "id": 6,
      "name": "Netherlands",
      "iso_code": "NLD",
      "capital": "Amsterdam",
      "region": "Western Europe",
      "population": 17441139,
      "area_km2": 41543,
      "currency": "EUR",
      "languages": ["Dutch"],
      "calling_code": "+31",
      "tld": ".nl"
    },
    {
      "id": 7,
      "name": "Switzerland",
      "iso_code": "CHE",
      "capital": "Bern",
      "region": "Western Europe",
      "population": 8636896,
      "area_km2": 41284,
      "currency": "CHF",
      "languages": ["German", "French", "Italian", "Romansh"],
      "calling_code": "+41",
      "tld": ".ch"
    },
    {
      "id": 8,
      "name": "Sweden",
      "iso_code": "SWE",
      "capital": "Stockholm",
      "region": "Northern Europe",
      "population": 10353442,
      "area_km2": 450295,
      "currency": "SEK",
      "languages": ["Swedish"],
      "calling_code": "+46",
      "tld": ".se"
    },
    {
      "id": 9,
      "name": "Belgium",
      "iso_code": "BEL",
      "capital": "Brussels",
      "region": "Western Europe",
      "population": 11589623,
      "area_km2": 30528,
      "currency": "EUR",
      "languages": ["Dutch", "French", "German"],
      "calling_code": "+32",
      "tld": ".be"
    },
    {
      "id": 10,
      "name": "Austria",
      "iso_code": "AUT",
      "capital": "Vienna",
      "region": "Central Europe",
      "population": 8917205,
      "area_km2": 83871,
      "currency": "EUR",
      "languages": ["German"],
      "calling_code": "+43",
      "tld": ".at"
    },
    {
      "id": 11,
      "name": "Ireland",
      "iso_code": "IRL",
      "capital": "Dublin",
      "region": "Northern Europe",
      "population": 4994724,
      "area_km2": 70273,
      "currency": "EUR",
      "languages": ["English", "Irish"],
      "calling_code": "+353",
      "tld": ".ie"
    },
    {
      "id": 12,
      "name": "Norway",
      "iso_code": "NOR",
      "capital": "Oslo",
      "region": "Northern Europe",
      "population": 5421241,
      "area_km2": 323802,
      "currency": "NOK",
      "languages": ["Norwegian"],
      "calling_code": "+47",
      "tld": ".no"
    },
    {
      "id": 13,
      "name": "Denmark",
      "iso_code": "DNK",
      "capital": "Copenhagen",
      "region": "Northern Europe",
      "population": 5831404,
      "area_km2": 43094,
      "currency": "DKK",
      "languages": ["Danish"],
      "calling_code": "+45",
      "tld": ".dk"
    },
    {
      "id": 14,
      "name": "Finland",
      "iso_code": "FIN",
      "capital": "Helsinki",
      "region": "Northern Europe",
      "population": 5530719,
      "area_km2": 338145,
      "currency": "EUR",
      "languages": ["Finnish", "Swedish"],
      "calling_code": "+358",
      "tld": ".fi"
    },
    {
      "id": 15,
      "name": "Portugal",
      "iso_code": "PRT",
      "capital": "Lisbon",
      "region": "Southern Europe",
      "population": 10196707,
      "area_km2": 92090,
      "currency": "EUR",
      "languages": ["Portuguese"],
      "calling_code": "+351",
      "tld": ".pt"
    }
  ]
}
