{
  "pack_id": "geo_asia_part1_free",
  "title": "Geographic Data — Asia (East & Southeast) (Free Tier)",
  "description": "Basic geographic and demographic data for 17 sovereign nations in East and Southeast Asia.",
  "created_by": "Northoverse",
  "version": "1.0-free",
  "countries_count": 17,
  "countries": [
    {
      "id": 1,
      "name": "China",
      "iso_code": "CHN",
      "capital": "Beijing",
      "region": "East Asia",
      "population": 1402112000,
      "area_km2": 9596961,
      "currency": "CNY",
      "languages": ["Chinese"],
      "calling_code": "+86",
      "tld": ".cn"
    },
    {
      "id": 2,
      "name": "Japan",
      "iso_code": "JPN",
      "capital": "Tokyo",
      "region": "East Asia",
      "population": 125100000,
      "area_km2": 377930,
      "currency": "JPY",
      "languages": ["Japanese"],
      "calling_code": "+81",
      "tld": ".jp"
    },
    {
      "id": 3,
      "name": "South Korea",
      "iso_code": "KOR",
      "capital": "Seoul",
      "region": "East Asia",
      "population": 51780579,
      "area_km2": 100210,
      "currency": "KRW",
      "languages": ["Korean"],
      "calling_code": "+82",
      "tld": ".kr"
    },
    {
      "id": 4,
      "name": "North Korea",
      "iso_code": "PRK",
      "capital": "Pyongyang",
      "region": "East Asia",
      "population": 25778815,
      "area_km2": 120538,
      "currency": "KPW",
      "languages": ["Korean"],
      "calling_code": "+850",
      "tld": ".kp"
    },
    {
      "id": 5,
      "name": "Mongolia",
      "iso_code": "MNG",
      "capital": "Ulaanbaatar",
      "region": "East Asia",
      "population": 3278292,
      "area_km2": 1564110,
      "currency": "MNT",
      "languages": ["Mongolian"],
      "calling_code": "+976",
      "tld": ".mn"
    },
    {
      "id": 6,
      "name": "Taiwan",
      "iso_code": "TWN",
      "capital": "Taipei",
      "region": "East Asia",
      "population": 23572052,
      "area_km2": 36193,
      "currency": "TWD",
      "languages": ["Mandarin Chinese"],
      "calling_code": "+886",
      "tld": ".tw"
    },
    {
      "id": 7,
      "name": "Indonesia",
      "iso_code": "IDN",
      "capital": "Jakarta",
      "region": "Southeast Asia",
      "population": 273523621,
      "area_km2": 1904569,
      "currency": "IDR",
      "languages": ["Indonesian"],
      "calling_code": "+62",
      "tld": ".id"
    },
    {
      "id": 8,
      "name": "Vietnam",
      "iso_code": "VNM",
      "capital": "Hanoi",
      "region": "Southeast Asia",
      "population": 97338583,
      "area_km2": 331212,
      "currency": "VND",
      "languages": ["Vietnamese"],
      "calling_code": "+84",
      "tld": ".vn"
    },
    {
      "id": 9,
      "name": "Thailand",
      "iso_code": "THA",
      "capital": "Bangkok",
      "region": "Southeast Asia",
      "population": 69799978,
      "area_km2": 513120,
      "currency": "THB",
      "languages": ["Thai"],
      "calling_code": "+66",
      "tld": ".th"
    },
    {
      "id": 10,
      "name": "Philippines",
      "iso_code": "PHL",
      "capital": "Manila",
      "region": "Southeast Asia",
      "population": 109581078,
      "area_km2": 342353,
      "currency": "PHP",
      "languages": ["English", "Filipino"],
      "calling_code": "+63",
      "tld": ".ph"
    },
    {
      "id": 11,
      "name": "Malaysia",
      "iso_code": "MYS",
      "capital": "Kuala Lumpur",
      "region": "Southeast Asia",
      "population": 32365999,
      "area_km2": 330803,
      "currency": "MYR",
      "languages": ["Malay"],
      "calling_code": "+60",
      "tld": ".my"
    },
    {
      "id": 12,
      "name": "Singapore",
      "iso_code": "SGP",
      "capital": "Singapore",
      "region": "Southeast Asia",
      "population": 5685800,
      "area_km2": 710,
      "currency": "SGD",
      "languages": ["English", "Mandarin", "Malay", "Tamil"],
      "calling_code": "+65",
      "tld": ".sg"
    },
    {
      "id": 13,
      "name": "Myanmar",
      "iso_code": "MMR",
      "capital": "Naypyidaw",
      "region": "Southeast Asia",
      "population": 54409800,
      "area_km2": 676578,
      "currency": "MMK",
      "languages": ["Burmese"],
      "calling_code": "+95",
      "tld": ".mm"
    },
    {
      "id": 14,
      "name": "Cambodia",
      "iso_code": "KHM",
      "capital": "Phnom Penh",
      "region": "Southeast Asia",
      "population": 16718965,
      "area_km2": 181035,
      "currency": "KHR",
      "languages": ["Khmer"],
      "calling_code": "+855",
      "tld": ".kh"
    },
    {
      "id": 15,
      "name": "Laos",
      "iso_code": "LAO",
      "capital": "Vientiane",
      "region": "Southeast Asia",
      "population": 7275560,
      "area_km2": 236800,
      "currency": "LAK",
      "languages": ["Lao"],
      "calling_code": "+856",
      "tld": ".la"
    },
    {
      "id": 16,
      "name": "Brunei",
      "iso_code": "BRN",
      "capital": "Bandar Seri Begawan",
      "region": "Southeast Asia",
      "population": 437479,
      "area_km2": 5765,
      "currency": "BND",
      "languages": ["Malay"],
      "calling_code": "+673",
      "tld": ".bn"
    },
    {
      "id": 17,
      "name": "Timor-Leste",
      "iso_code": "TLS",
      "capital": "Dili",
      "region": "Southeast Asia",
      "population": 1318445,
      "area_km2": 14874,
      "currency": "USD",
      "languages": ["Portuguese", "Tetum"],
      "calling_code": "+670",
      "tld": ".tl"
    }
  ]
}
